"日期","收盘","开盘","高","低","交易量","涨跌幅"
"2025-5-9","13.75","13.80","13.89","13.65","3.21M","-0.07%"
"2025-5-8","13.76","13.69","13.77","13.55","3.04M","0.00%"
"2025-5-7","13.76","13.68","13.88","13.63","4.21M","0.88%"
"2025-5-6","13.64","13.57","13.71","13.52","4.46M","1.11%"
"2025-4-30","13.49","13.45","13.62","13.41","4.31M","0.22%"
"2025-4-29","13.46","13.47","13.56","13.32","4.25M","1.28%"
"2025-4-28","13.29","13.84","13.92","13.24","8.43M","-4.59%"
"2025-4-25","13.93","14.00","14.36","13.91","13.10M","-3.60%"
"2025-4-24","14.45","13.79","15.17","13.76","19.73M","4.79%"
"2025-4-23","13.79","14.06","14.18","13.73","8.05M","-2.61%"
"2025-4-22","14.16","14.15","14.35","14.00","6.43M","0.00%"
"2025-4-21","14.16","13.88","14.44","13.76","9.01M","0.71%"
"2025-4-18","14.06","14.50","14.58","14.05","10.91M","-4.35%"
"2025-4-17","14.70","14.15","14.74","14.03","15.70M","1.87%"
"2025-4-16","14.43","14.52","14.52","13.80","12.90M","-0.89%"
"2025-4-15","14.56","14.10","14.74","13.90","17.61M","3.12%"
"2025-4-14","14.12","13.77","14.29","13.70","10.25M","2.02%"
"2025-4-11","13.84","13.98","14.34","13.80","14.41M","-2.05%"
"2025-4-10","14.13","13.28","14.43","13.28","17.09M","5.61%"
"2025-4-9","13.38","13.17","13.46","12.60","10.52M","1.44%"
"2025-4-8","13.19","12.55","13.20","12.55","10.29M","4.85%"
"2025-4-7","12.58","13.02","13.49","12.50","9.90M","-7.16%"
"2025-4-3","13.55","13.10","13.89","13.06","9.32M","3.04%"
"2025-4-2","13.15","13.20","13.29","13.08","1.98M","-0.08%"
"2025-4-1","13.16","12.95","13.22","12.95","2.53M","1.78%"
"2025-3-31","12.93","13.08","13.08","12.90","2.37M","-1.15%"
"2025-3-28","13.08","13.27","13.29","13.03","2.01M","-0.98%"
"2025-3-27","13.21","13.40","13.43","13.17","2.22M","-0.68%"
"2025-3-26","13.30","13.10","13.35","13.04","3.40M","1.60%"
"2025-3-25","13.09","13.11","13.14","12.91","2.47M","-0.08%"
"2025-3-24","13.10","13.26","13.28","12.86","3.48M","-0.76%"
"2025-3-21","13.20","13.33","13.40","13.15","2.80M","-1.27%"
"2025-3-20","13.37","13.47","13.55","13.33","2.12M","-0.59%"
"2025-3-19","13.45","13.55","13.55","13.38","2.58M","-0.59%"
"2025-3-18","13.53","13.66","13.67","13.39","3.99M","-0.29%"
"2025-3-17","13.57","13.64","13.79","13.50","8.55M","-0.44%"
"2025-3-14","13.63","12.90","13.65","12.90","10.46M","5.82%"
"2025-3-13","12.88","12.89","12.92","12.76","2.07M","-0.08%"
"2025-3-12","12.89","12.97","13.01","12.83","2.06M","-0.69%"
"2025-3-11","12.98","12.80","12.99","12.75","2.58M","0.85%"
"2025-3-10","12.87","12.78","12.88","12.78","2.02M","0.55%"
"2025-3-7","12.80","12.82","12.85","12.70","2.17M","-0.16%"
"2025-3-6","12.82","12.79","12.84","12.72","2.47M","0.23%"
"2025-3-5","12.79","12.87","12.88","12.65","2.31M","-0.62%"
"2025-3-4","12.87","12.82","12.89","12.74","2.11M","-0.08%"
"2025-3-3","12.88","13.00","13.15","12.81","3.14M","-0.85%"
"2025-2-28","12.99","13.26","13.35","12.96","4.84M","-1.81%"
"2025-2-27","13.23","12.96","13.23","12.89","5.26M","2.24%"
"2025-2-26","12.94","12.86","12.96","12.81","2.16M","0.78%"
"2025-2-25","12.84","13.00","13.01","12.81","2.36M","-1.31%"
"2025-2-24","13.01","12.91","13.12","12.91","2.70M","0.46%"
"2025-2-21","12.95","13.07","13.09","12.87","2.71M","-0.84%"
"2025-2-20","13.06","12.94","13.14","12.90","2.81M","0.93%"
"2025-2-19","12.94","12.93","12.95","12.78","2.67M","0.39%"
"2025-2-18","12.89","13.16","13.20","12.86","4.58M","-2.20%"
"2025-2-17","13.18","13.13","13.22","13.04","3.21M","0.61%"
"2025-2-14","13.10","13.15","13.15","13.03","2.76M","-0.38%"
"2025-2-13","13.15","13.15","13.31","13.13","2.99M","-1.13%"
"2025-2-12","13.30","13.30","13.43","13.13","3.45M","-0.52%"
"2025-2-11","13.37","13.42","13.51","13.30","3.26M","-0.59%"
"2025-2-10","13.45","13.28","13.45","13.22","4.33M","1.20%"
"2025-2-7","13.29","13.18","13.45","13.14","3.55M","0.68%"
"2025-2-6","13.20","12.97","13.22","12.88","3.03M","1.46%"
"2025-2-5","13.01","13.32","13.42","12.96","3.05M","-1.81%"
"2025-1-27","13.25","13.27","13.54","13.22","2.27M","0.00%"
"2025-1-24","13.25","13.23","13.38","13.11","2.66M","0.15%"
"2025-1-23","13.23","13.40","13.58","13.23","2.46M","-0.75%"
"2025-1-22","13.33","13.56","13.58","13.31","2.28M","-1.62%"
"2025-1-21","13.55","13.70","13.80","13.51","2.32M","-1.09%"
"2025-1-20","13.70","13.74","13.82","13.61","2.80M","0.07%"
"2025-1-17","13.69","13.58","13.74","13.42","3.47M","0.74%"
"2025-1-16","13.59","13.53","13.75","13.46","3.30M","0.67%"
"2025-1-15","13.50","13.28","13.67","13.28","4.00M","1.20%"
"2025-1-14","13.34","12.89","13.35","12.85","3.58M","3.89%"
"2025-1-13","12.84","12.71","12.89","12.41","2.78M","0.23%"
"2025-1-10","12.81","13.27","13.30","12.78","2.86M","-3.32%"
"2025-1-9","13.25","13.18","13.45","13.02","2.81M","0.38%"
"2025-1-8","13.20","13.02","13.30","12.82","3.62M","0.38%"
"2025-1-7","13.15","12.99","13.15","12.81","3.37M","0.92%"
"2025-1-6","13.03","13.17","13.30","12.68","3.92M","-1.36%"
"2025-1-3","13.21","13.86","13.95","13.11","8.01M","-4.76%"
"2025-1-2","13.87","13.74","14.30","13.72","8.27M","1.02%"
"2024-12-31","13.73","13.93","14.17","13.71","5.44M","-1.65%"
"2024-12-30","13.96","14.02","14.07","13.78","3.68M","-1.41%"
"2024-12-27","14.16","14.10","14.25","13.95","6.50M","0.78%"
"2024-12-26","14.05","13.74","14.15","13.74","6.20M","2.33%"
"2024-12-25","13.73","14.03","14.09","13.45","5.90M","-2.14%"
"2024-12-24","14.03","13.85","14.05","13.70","5.20M","1.89%"
"2024-12-23","13.77","14.43","14.55","13.70","7.00M","-4.90%"
"2024-12-20","14.48","14.27","14.71","14.24","6.31M","1.33%"
"2024-12-19","14.29","14.30","14.37","14.00","6.61M","-1.31%"
"2024-12-18","14.48","14.60","14.74","14.25","6.54M","-0.14%"
"2024-12-17","14.50","15.31","15.40","14.45","11.53M","-6.27%"
"2024-12-16","15.47","15.50","16.08","15.29","13.39M","-1.96%"
"2024-12-13","15.78","16.28","16.38","15.70","20.46M","-6.02%"
"2024-12-12","16.79","16.29","17.55","15.60","28.17M","5.27%"
"2024-12-11","15.95","15.00","15.95","14.99","18.78M","5.14%"
"2024-12-10","15.17","14.90","15.67","14.70","19.95M","5.35%"
"2024-12-9","14.40","14.37","14.71","14.20","5.44M","-0.48%"
"2024-12-6","14.47","14.28","14.51","14.28","4.13M","1.05%"
"2024-12-5","14.32","14.33","14.40","14.16","5.76M","-1.04%"
"2024-12-4","14.47","14.53","14.88","14.38","7.04M","-0.69%"
"2024-12-3","14.57","14.70","14.79","14.50","6.13M","-1.62%"
"2024-12-2","14.81","14.75","14.92","14.53","9.23M","0.20%"
"2024-11-29","14.78","14.65","14.92","14.50","11.15M","1.58%"
"2024-11-28","14.55","14.06","14.57","14.00","9.11M","3.49%"
"2024-11-27","14.06","13.70","14.06","13.51","5.56M","2.63%"
"2024-11-26","13.70","13.52","14.02","13.52","4.72M","0.88%"
"2024-11-25","13.58","13.45","13.59","13.31","4.11M","0.89%"
"2024-11-22","13.46","14.08","14.20","13.33","6.81M","-5.28%"
"2024-11-21","14.21","14.21","14.36","14.06","4.45M","-0.14%"
"2024-11-20","14.23","14.12","14.29","14.06","5.67M","-0.21%"
"2024-11-19","14.26","13.85","14.26","13.80","7.97M","2.81%"
"2024-11-18","13.87","13.76","14.00","13.51","6.61M","0.29%"
"2024-11-15","13.83","14.17","14.31","13.80","7.02M","-2.33%"
"2024-11-14","14.16","14.41","14.82","14.13","9.30M","-2.01%"
"2024-11-13","14.45","14.62","14.65","14.21","9.22M","-0.96%"
"2024-11-12","14.59","14.90","15.06","14.34","14.53M","-3.38%"
"2024-11-11","15.10","15.39","15.65","14.68","21.57M","-6.21%"
"2024-11-8","16.10","15.09","16.50","14.78","28.23M","5.57%"
"2024-11-7","15.25","14.45","16.17","14.30","26.68M","3.74%"
"2024-11-6","14.70","13.81","14.80","13.56","21.03M","6.99%"
"2024-11-5","13.74","13.30","14.09","13.21","16.02M","2.84%"
"2024-11-4","13.36","13.01","13.49","12.97","13.82M","-1.11%"
"2024-11-1","13.51","13.45","14.15","13.20","22.95M","2.82%"
"2024-10-31","13.14","12.52","13.65","12.43","15.16M","5.63%"
"2024-10-30","12.44","12.35","12.67","12.32","5.25M","0.32%"
"2024-10-29","12.40","12.71","12.89","12.38","6.70M","-2.21%"
"2024-10-28","12.68","12.38","12.68","12.37","5.83M","2.76%"
"2024-10-25","12.34","12.25","12.35","12.18","4.73M","0.49%"
"2024-10-24","12.28","12.15","12.41","12.10","4.46M","0.00%"
"2024-10-23","12.28","12.25","12.32","12.08","4.87M","0.66%"
"2024-10-22","12.20","11.89","12.30","11.89","6.94M","2.61%"
"2024-10-21","11.89","11.81","12.03","11.79","4.22M","0.68%"
"2024-10-18","11.81","11.60","11.94","11.54","5.07M","1.37%"
"2024-10-17","11.65","11.75","11.93","11.61","3.42M","-0.60%"
"2024-10-16","11.72","11.70","11.87","11.55","3.25M","-0.76%"
"2024-10-15","11.81","11.98","12.15","11.78","3.94M","-1.42%"
"2024-10-14","11.98","11.75","12.06","11.64","4.75M","1.10%"
"2024-10-11","11.85","12.12","12.34","11.70","5.92M","-2.15%"
"2024-10-10","12.11","12.10","12.35","11.85","6.56M","1.59%"
"2024-10-9","11.92","12.89","12.90","11.90","9.93M","-9.63%"
"2024-10-8","13.19","14.27","14.27","12.57","14.29M","1.62%"
"2024-9-30","12.98","12.39","13.09","12.12","11.05M","7.63%"
"2024-9-27","12.06","11.85","12.27","11.80","6.37M","3.08%"
"2024-9-26","11.70","11.15","11.71","11.10","4.41M","4.93%"
"2024-9-25","11.15","11.15","11.37","11.10","3.84M","0.54%"
"2024-9-24","11.09","10.80","11.10","10.72","3.12M","3.64%"
"2024-9-23","10.70","10.78","10.88","10.52","2.52M","-0.56%"
"2024-9-20","10.76","11.00","11.02","10.75","3.59M","-2.36%"
"2024-9-19","11.02","10.54","11.08","10.43","6.58M","5.56%"
"2024-9-18","10.44","10.56","10.64","10.27","4.80M","-1.32%"
"2024-9-13","10.58","11.16","11.27","10.50","8.51M","-5.20%"
"2024-9-12","11.16","11.05","11.18","10.85","4.58M","0.72%"
"2024-9-11","11.08","11.00","11.20","11.00","4.06M","-0.18%"
"2024-9-10","11.10","11.09","11.15","10.86","3.41M","0.00%"
"2024-9-9","11.10","10.96","11.14","10.81","4.05M","1.19%"
"2024-9-6","10.97","11.38","11.38","10.93","2.87M","-2.83%"
"2024-9-5","11.29","11.27","11.51","11.18","5.99M","0.36%"
"2024-9-4","11.25","11.30","11.32","11.03","5.16M","-0.44%"
"2024-9-3","11.30","11.29","11.50","11.20","6.53M","0.09%"
"2024-9-2","11.29","11.62","11.82","11.07","8.60M","-3.59%"
"2024-8-30","11.71","11.55","11.80","11.41","7.93M","1.39%"
"2024-8-29","11.55","11.38","11.59","11.32","7.89M","1.05%"
"2024-8-28","11.43","10.98","11.45","10.93","8.94M","4.00%"
"2024-8-27","10.99","10.99","11.15","10.73","7.32M","0.18%"
"2024-8-26","10.97","10.68","11.15","10.68","7.74M","1.29%"
"2024-8-23","10.83","10.78","10.92","10.61","5.48M","0.28%"
"2024-8-22","10.80","11.02","11.06","10.77","4.09M","-1.01%"
"2024-8-21","10.91","10.90","10.95","10.75","2.88M","0.09%"
"2024-8-20","10.90","11.00","11.04","10.83","2.73M","-1.36%"
"2024-8-19","11.05","11.48","11.49","11.01","3.56M","-3.58%"
"2024-8-16","11.46","11.53","11.67","11.41","5.93M","-0.61%"
"2024-8-15","11.53","11.49","11.67","11.43","5.91M","0.52%"
"2024-8-14","11.47","11.58","11.64","11.30","7.05M","0.44%"
"2024-8-13","11.42","11.84","12.07","11.28","9.38M","-4.03%"
"2024-8-12","11.90","11.55","12.05","11.55","11.89M","2.23%"
"2024-8-9","11.64","11.86","12.06","11.47","11.36M","-2.10%"
"2024-8-8","11.89","11.80","11.98","11.67","8.91M","1.80%"
"2024-8-7","11.68","11.44","11.72","11.44","9.64M","2.10%"
"2024-8-6","11.44","11.25","11.46","11.25","9.99M","1.60%"
"2024-8-5","11.26","11.23","11.35","10.99","6.94M","0.54%"
"2024-8-2","11.20","11.18","11.50","11.12","8.76M","0.36%"
"2024-8-1","11.16","10.88","11.40","10.88","10.57M","2.57%"
"2024-7-31","10.88","10.50","10.88","10.46","5.26M","4.02%"
"2024-7-30","10.46","10.30","10.55","10.22","3.11M","1.26%"
"2024-7-29","10.33","10.27","10.34","10.20","1.38M","0.49%"
"2024-7-26","10.28","10.42","10.53","10.19","2.61M","-1.34%"
"2024-7-25","10.42","10.35","10.56","10.16","1.70M","0.29%"
"2024-7-24","10.39","10.81","10.84","10.29","3.52M","-3.89%"
"2024-7-23","10.81","11.03","11.04","10.79","1.11M","-1.46%"
"2024-7-22","10.97","10.96","11.09","10.93","1.12M","-0.18%"
"2024-7-19","10.99","10.83","11.02","10.81","1.73M","1.20%"
"2024-7-18","10.86","11.06","11.06","10.73","1.97M","-1.99%"
"2024-7-17","11.08","11.08","11.15","10.99","1.11M","-0.18%"
"2024-7-16","11.10","11.22","11.24","11.04","1.23M","-1.07%"
"2024-7-15","11.22","11.21","11.27","11.16","679.45K","-0.27%"
"2024-7-12","11.25","11.33","11.38","11.21","1.17M","-0.35%"
"2024-7-11","11.29","11.26","11.31","11.17","1.77M","1.62%"
"2024-7-10","11.11","11.16","11.21","11.00","826.67K","-0.54%"
"2024-7-9","11.17","10.99","11.29","10.92","1.57M","1.64%"
"2024-7-8","10.99","11.26","11.34","10.96","1.77M","-3.26%"
"2024-7-5","11.36","11.29","11.40","11.16","1.36M","0.18%"
"2024-7-4","11.34","11.82","11.91","11.34","2.80M","-4.14%"
"2024-7-3","11.83","11.77","11.99","11.77","1.73M","0.25%"
"2024-7-2","11.80","11.85","11.90","11.76","1.42M","-0.42%"
"2024-7-1","11.85","11.77","11.86","11.70","1.71M","0.68%"
"2024-6-28","11.77","11.76","11.89","11.67","1.98M","0.77%"
"2024-6-27","11.68","11.81","11.94","11.66","1.50M","-4.14%"
"2024-6-26","12.18","12.13","12.22","11.98","2.51M","0.51%"
"2024-6-25","12.12","11.98","12.15","11.98","1.43M","1.22%"
"2024-6-24","11.98","12.09","12.16","11.91","1.70M","-1.64%"
"2024-6-21","12.18","12.04","12.22","11.91","1.32M","1.60%"
"2024-6-20","11.98","12.22","12.27","11.98","1.46M","-1.77%"
"2024-6-19","12.20","12.19","12.28","12.17","1.22M","0.06%"
"2024-6-18","12.19","12.10","12.23","12.10","1.19M","0.89%"
"2024-6-17","12.08","12.08","12.13","12.05","869.75K","-0.57%"
"2024-6-14","12.15","12.05","12.19","12.03","1.10M","-0.06%"
"2024-6-13","12.16","12.24","12.25","12.11","1.38M","-0.82%"
"2024-6-12","12.26","12.23","12.29","12.19","1.43M","0.38%"
"2024-6-11","12.22","12.12","12.24","12.01","1.27M","0.51%"
"2024-6-7","12.15","12.00","12.25","12.00","1.94M","1.48%"
"2024-6-6","11.98","12.29","12.38","11.86","3.55M","-2.57%"
"2024-6-5","12.29","12.67","12.68","12.29","2.89M","-2.98%"
"2024-6-4","12.67","12.51","12.67","12.35","2.08M","0.73%"
"2024-6-3","12.58","12.71","12.73","12.48","1.97M","-1.27%"
"2024-5-31","12.74","12.71","12.74","12.64","1.31M","0.49%"
"2024-5-30","12.68","12.68","12.73","12.57","1.47M","-0.06%"
"2024-5-29","12.68","12.65","12.75","12.63","1.52M","-0.12%"
"2024-5-28","12.70","12.83","12.88","12.69","1.98M","-1.32%"
"2024-5-27","12.87","12.85","12.92","12.64","2.71M","-0.06%"
"2024-5-24","12.88","12.84","13.05","12.84","2.65M","0.18%"
"2024-5-23","12.85","13.23","13.26","12.85","4.19M","-2.68%"
"2024-5-22","13.21","13.28","13.35","13.18","2.74M","-0.58%"
"2024-5-21","13.28","13.36","13.52","13.24","3.73M","-0.52%"
"2024-5-20","13.35","13.31","13.42","13.29","4.12M","0.75%"
"2024-5-17","13.25","13.17","13.38","13.15","3.38M","0.64%"
"2024-5-16","13.17","13.16","13.24","13.09","3.04M","0.06%"
"2024-5-15","13.16","13.37","13.38","13.15","3.87M","-1.55%"
"2024-5-14","13.37","13.12","13.40","13.12","4.47M","1.58%"
"2024-5-13","13.16","13.43","13.45","13.13","4.44M","-2.51%"
"2024-5-10","13.50","13.42","13.62","13.38","6.26M","0.80%"
"2024-5-9","13.39","13.32","13.49","13.31","4.97M","0.06%"
"2024-5-8","13.38","13.32","13.84","13.32","8.65M","0.00%"
"2024-5-7","13.38","13.35","13.56","13.28","6.70M","0.46%"
"2024-5-6","13.32","13.19","13.42","13.17","7.62M","1.58%"
"2024-4-30","13.12","13.18","13.23","12.98","4.39M","-0.41%"
"2024-4-29","13.17","12.83","13.22","12.81","7.99M","3.13%"
"2024-4-26","12.77","12.85","12.88","12.55","3.71M","-0.54%"
"2024-4-25","12.84","12.88","12.94","12.82","2.58M","-0.65%"
"2024-4-24","12.92","12.94","13.04","12.82","3.42M","-0.24%"
"2024-4-23","12.95","12.69","12.96","12.68","5.95M","1.81%"
"2024-4-22","12.72","12.55","12.79","12.45","2.85M","0.85%"
"2024-4-19","12.62","12.75","12.79","12.41","3.77M","-1.38%"
"2024-4-18","12.79","12.69","12.92","12.54","4.60M","0.54%"
"2024-4-17","12.72","12.41","12.85","12.41","5.47M","3.37%"
"2024-4-16","12.31","12.53","12.68","12.22","6.60M","-3.26%"
"2024-4-15","12.72","13.29","13.31","12.37","7.41M","-4.50%"
"2024-4-12","13.32","13.25","13.46","13.13","7.04M","-0.35%"
"2024-4-11","13.37","13.23","13.38","12.94","9.19M","0.58%"
"2024-4-10","13.29","13.36","13.65","13.13","10.30M","-0.63%"
"2024-4-9","13.38","13.25","13.50","13.00","11.02M","-0.51%"
"2024-4-8","13.45","12.88","14.18","12.84","19.67M","3.74%"
"2024-4-3","12.96","12.89","13.02","12.66","7.48M","0.54%"
"2024-4-2","12.89","12.81","12.96","12.65","6.31M","0.66%"
"2024-4-1","12.81","12.54","12.84","12.51","6.42M","2.15%"
"2024-3-29","12.54","12.34","12.60","12.32","5.08M","1.12%"
"2024-3-28","12.40","12.19","12.42","12.08","6.42M","0.69%"
"2024-3-27","12.32","12.31","12.54","12.29","5.79M","-0.19%"
"2024-3-26","12.34","12.24","12.38","12.14","5.06M","0.31%"
"2024-3-25","12.30","12.47","12.56","12.29","7.30M","-2.68%"
"2024-3-22","12.64","13.03","13.07","12.62","6.21M","-2.78%"
"2024-3-21","13.00","12.92","13.06","12.82","7.30M","0.60%"
"2024-3-20","12.92","12.84","12.95","12.81","5.49M","0.18%"
"2024-3-19","12.90","12.97","13.16","12.87","10.30M","-0.59%"
"2024-3-18","12.98","12.62","12.98","12.58","10.01M","2.37%"
"2024-3-15","12.68","12.38","12.72","12.38","6.55M","1.92%"
"2024-3-14","12.44","12.53","12.65","12.33","4.33M","-1.04%"
"2024-3-13","12.57","12.69","12.75","12.51","6.42M","-1.27%"
"2024-3-12","12.73","12.43","12.75","12.35","8.86M","2.41%"
"2024-3-11","12.43","12.25","12.43","12.19","6.81M","1.44%"
"2024-3-8","12.25","12.17","12.28","12.07","4.72M","0.13%"
"2024-3-7","12.24","12.37","12.52","12.22","5.88M","-1.06%"
"2024-3-6","12.37","12.29","12.45","12.25","3.81M","0.06%"
"2024-3-5","12.36","12.39","12.53","12.17","6.49M","-1.05%"
"2024-3-4","12.49","12.45","12.61","12.19","8.17M","0.50%"
"2024-3-1","12.43","12.57","12.62","12.31","6.62M","-0.92%"
"2024-2-29","12.55","12.15","12.57","12.12","10.96M","1.68%"
"2024-2-28","12.34","13.23","13.60","12.31","14.01M","-6.85%"
"2024-2-27","13.25","13.08","13.32","13.00","9.53M","0.70%"
"2024-2-26","13.15","13.31","13.44","12.99","7.20M","-1.16%"
"2024-2-23","13.31","12.81","13.39","12.76","8.07M","3.47%"
"2024-2-22","12.86","12.52","12.88","12.51","5.89M","1.33%"
"2024-2-21","12.69","12.27","12.99","12.20","7.78M","2.68%"
"2024-2-20","12.36","12.31","12.38","12.01","5.23M","0.31%"
"2024-2-19","12.32","12.32","12.50","12.12","7.69M","0.75%"
"2024-2-8","12.23","11.55","12.53","11.52","8.58M","3.38%"
"2024-2-7","11.83","12.32","12.32","11.38","9.94M","-3.87%"
"2024-2-6","12.31","13.17","13.17","12.31","12.57M","-10.01%"
"2024-2-5","13.68","14.54","14.54","13.68","3.92M","-10.02%"
"2024-2-2","15.20","15.32","15.32","13.64","7.56M","0.30%"
"2024-2-1","15.15","15.54","15.54","14.73","5.55M","-0.51%"
"2024-1-31","15.23","15.85","16.04","15.09","4.99M","-3.88%"
"2024-1-30","15.85","16.54","16.72","15.75","5.65M","-5.29%"
"2024-1-29","16.73","17.14","17.58","16.47","10.04M","-1.58%"
"2024-1-26","17.00","15.72","17.33","15.45","13.46M","7.91%"
"2024-1-25","15.75","14.29","15.75","14.18","8.92M","9.99%"
"2024-1-24","14.32","14.04","14.50","13.82","9.76M","-0.90%"
"2024-1-23","14.45","16.38","16.49","14.45","8.07M","-10.01%"
"2024-1-22","16.06","17.62","17.69","16.06","6.78M","-10.00%"
"2024-1-19","17.85","18.00","18.36","17.61","6.01M","-0.85%"
"2024-1-18","18.00","17.85","18.13","17.22","10.78M","-0.38%"
"2024-1-17","18.07","18.16","18.39","17.81","8.38M","-0.13%"
"2024-1-16","18.09","18.82","19.06","17.82","13.49M","-4.74%"
"2024-1-15","18.99","18.85","19.21","17.52","23.22M","1.98%"
"2024-1-12","18.62","18.98","19.12","18.47","6.50M","-1.94%"
"2024-1-11","18.99","18.68","19.08","18.45","6.89M","0.08%"
"2024-1-10","18.98","19.12","19.48","18.52","13.22M","-0.72%"
"2024-1-9","19.12","18.78","19.88","18.78","22.10M","1.76%"
"2024-1-8","18.78","17.77","18.99","17.77","11.04M","6.17%"
"2024-1-5","17.69","17.69","17.81","17.38","6.28M","0.04%"
"2024-1-4","17.68","18.00","18.01","17.45","7.04M","-1.75%"
"2024-1-3","18.00","17.72","18.02","17.38","10.28M","1.56%"
"2024-1-2","17.72","17.74","17.82","17.43","9.53M","-0.04%"
"2023-12-29","17.73","17.01","17.75","16.79","11.29M","4.02%"
"2023-12-28","17.05","17.13","17.30","16.66","13.14M","-0.85%"
"2023-12-27","17.19","16.28","17.47","16.28","18.64M","5.92%"
"2023-12-26","16.23","16.77","16.80","16.23","6.70M","-1.68%"
"2023-12-25","16.51","16.73","16.81","16.19","12.08M","0.56%"
"2023-12-22","16.42","16.50","16.75","16.20","9.45M","0.33%"
"2023-12-21","16.36","15.72","16.59","15.44","13.30M","4.06%"
"2023-12-20","15.72","15.69","15.87","15.57","4.72M","0.49%"
"2023-12-19","15.65","15.55","15.69","15.31","3.97M","0.20%"
"2023-12-18","15.62","15.65","15.75","15.38","4.45M","-0.73%"
"2023-12-15","15.73","15.87","16.09","15.63","6.08M","-1.02%"
"2023-12-14","15.89","15.91","16.05","15.68","6.07M","-0.10%"
"2023-12-13","15.91","16.14","16.21","15.85","4.66M","-0.67%"
"2023-12-12","16.02","16.00","16.23","15.94","6.34M","0.00%"
"2023-12-11","16.02","15.71","16.05","15.38","8.07M","0.58%"
"2023-12-8","15.92","16.02","16.35","15.69","7.46M","-1.85%"
"2023-12-7","16.22","15.46","16.40","15.45","13.01M","3.38%"
"2023-12-6","15.69","16.19","16.38","15.45","11.56M","-1.69%"
"2023-12-5","15.96","16.32","16.82","15.92","17.36M","-2.99%"
"2023-12-4","16.45","16.16","16.77","16.02","11.04M","-0.05%"
"2023-12-1","16.46","15.65","17.21","15.62","17.02M","5.21%"
"2023-11-30","15.65","15.68","15.85","15.46","3.29M","-0.59%"
"2023-11-29","15.74","15.55","15.78","15.48","3.13M","1.24%"
"2023-11-28","15.55","15.66","15.79","15.47","3.19M","-1.32%"
"2023-11-27","15.75","15.23","16.00","15.12","9.30M","2.91%"
"2023-11-24","15.31","15.40","15.59","15.25","5.38M","-1.09%"
"2023-11-23","15.48","15.39","15.69","15.38","1.63M","0.20%"
"2023-11-22","15.45","15.62","15.72","15.38","2.90M","-1.81%"
"2023-11-21","15.73","16.00","16.08","15.64","4.20M","-2.06%"
"2023-11-20","16.06","15.90","16.21","15.90","3.90M","1.31%"
"2023-11-17","15.85","16.12","16.29","15.82","5.30M","-1.62%"
"2023-11-16","16.12","15.85","16.28","15.81","9.79M","1.01%"
"2023-11-15","15.95","15.52","16.21","15.26","16.48M","3.13%"
"2023-11-14","15.47","15.22","15.50","14.75","12.05M","1.57%"
"2023-11-13","15.23","14.97","15.25","14.97","4.29M","1.80%"
"2023-11-10","14.96","14.69","15.05","14.69","3.56M","0.15%"
"2023-11-9","14.94","14.83","15.08","14.71","7.23M","1.15%"
"2023-11-8","14.77","14.85","14.85","14.54","5.22M","-0.16%"
"2023-11-7","14.79","14.98","14.98","14.69","7.27M","0.00%"
"2023-11-6","14.79","15.35","15.35","14.42","12.81M","-3.12%"
"2023-11-3","15.27","15.24","15.42","14.71","23.43M","1.02%"
"2023-11-2","15.12","14.85","15.23","14.64","12.48M","1.76%"
"2023-11-1","14.85","14.95","15.05","14.71","10.15M","0.05%"
"2023-10-31","14.85","14.73","14.92","14.61","8.28M","0.63%"
"2023-10-30","14.75","14.37","15.00","14.29","11.75M","2.40%"
"2023-10-27","14.41","14.41","14.54","14.27","4.02M","0.00%"
"2023-10-26","14.41","14.45","14.48","14.20","7.04M","0.43%"
"2023-10-25","14.35","14.05","14.46","13.92","10.35M","3.15%"
"2023-10-24","13.91","13.50","13.99","13.45","6.74M","3.14%"
"2023-10-23","13.48","13.62","13.72","13.34","3.68M","-1.24%"
"2023-10-20","13.65","13.85","13.85","13.43","5.79M","-1.44%"
"2023-10-19","13.85","13.95","13.98","13.76","3.15M","-0.72%"
"2023-10-18","13.95","13.77","14.00","13.73","4.25M","1.11%"
"2023-10-17","13.80","13.95","14.02","13.72","2.14M","-1.05%"
"2023-10-16","13.95","13.86","13.95","13.78","5.23M","0.67%"
"2023-10-13","13.85","13.77","13.86","13.69","2.26M","-0.39%"
"2023-10-12","13.91","14.02","14.08","13.76","4.31M","-0.77%"
"2023-10-11","14.02","13.76","14.04","13.75","5.76M","0.77%"
"2023-10-10","13.91","13.61","13.91","13.50","5.40M","2.20%"
"2023-10-9","13.61","13.46","13.62","13.23","3.82M","0.00%"
"2023-9-28","13.61","13.89","13.91","13.15","7.04M","-2.05%"
"2023-9-27","13.89","13.95","13.97","13.81","3.39M","-0.22%"
"2023-9-26","13.92","13.98","14.02","13.88","2.55M","-0.44%"
"2023-9-25","13.98","13.85","14.04","13.85","5.71M","0.78%"
"2023-9-22","13.88","13.77","13.98","13.64","4.15M","0.33%"
"2023-9-21","13.83","13.95","13.95","13.57","4.26M","-0.72%"
"2023-9-20","13.93","13.81","14.00","13.72","4.03M","0.72%"
"2023-9-19","13.83","14.07","14.07","13.78","3.43M","-0.83%"
"2023-9-18","13.95","14.12","14.16","13.85","5.44M","0.22%"
"2023-9-15","13.92","13.89","13.95","13.81","3.16M","0.28%"
"2023-9-14","13.88","13.95","13.95","13.75","2.58M","-0.55%"
"2023-9-13","13.95","13.95","14.02","13.86","3.48M","0.00%"
"2023-9-12","13.95","13.96","14.05","13.88","4.35M","0.00%"
"2023-9-11","13.95","13.89","13.98","13.75","5.41M","0.33%"
"2023-9-8","13.91","13.90","14.02","13.67","5.15M","0.00%"
"2023-9-7","13.91","13.85","14.15","13.85","5.45M","0.06%"
"2023-9-6","13.90","13.84","13.92","13.68","3.27M","0.06%"
"2023-9-5","13.89","14.03","14.03","13.74","2.93M","-1.20%"
"2023-9-4","14.06","13.97","14.12","13.90","3.94M","0.72%"
"2023-9-1","13.96","13.92","14.15","13.92","5.21M","0.39%"
"2023-8-31","13.91","13.83","13.93","13.71","3.27M","0.33%"
"2023-8-30","13.86","13.81","13.96","13.68","3.86M","-0.11%"
"2023-8-29","13.88","13.79","14.04","13.63","4.19M","-0.28%"
"2023-8-28","13.92","14.46","14.61","13.73","8.94M","-0.55%"
"2023-8-25","13.99","14.20","14.38","13.87","4.79M","-1.73%"
"2023-8-24","14.24","14.04","14.42","13.89","4.37M","1.04%"
"2023-8-23","14.09","14.07","14.09","13.80","2.08M","-0.16%"
"2023-8-22","14.12","14.13","14.20","13.70","2.79M","-0.11%"
"2023-8-21","14.13","14.49","14.49","14.06","4.06M","-2.29%"
"2023-8-18","14.46","14.53","14.65","14.42","3.14M","-0.32%"
"2023-8-17","14.51","14.15","14.54","14.04","3.87M","1.95%"
"2023-8-16","14.23","14.15","14.33","14.02","1.61M","0.38%"
"2023-8-15","14.18","14.18","14.32","14.08","1.29M","-0.11%"
"2023-8-14","14.19","14.01","14.22","13.98","1.98M","0.05%"
"2023-8-11","14.18","14.38","14.46","14.15","2.55M","-1.44%"
"2023-8-10","14.39","14.39","14.48","14.16","2.30M","-0.48%"
"2023-8-9","14.46","14.67","14.72","14.39","3.17M","-1.73%"
"2023-8-8","14.72","14.35","14.82","14.35","6.28M","2.63%"
"2023-8-7","14.34","14.43","14.46","14.19","3.19M","-0.05%"
"2023-8-4","14.35","14.97","14.97","14.29","11.57M","-4.55%"
"2023-8-3","15.03","14.58","15.11","14.52","8.39M","3.11%"
"2023-8-2","14.58","14.68","14.83","14.52","2.25M","-1.15%"
"2023-8-1","14.75","14.90","14.91","14.62","3.76M","-0.83%"
"2023-7-31","14.87","14.66","14.95","14.52","5.69M","1.84%"
"2023-7-28","14.60","14.35","14.72","14.31","4.33M","1.23%"
"2023-7-27","14.42","14.50","14.61","14.38","2.95M","-0.90%"
"2023-7-26","14.55","14.63","14.67","14.46","2.72M","-0.58%"
"2023-7-25","14.64","14.52","14.68","14.46","3.57M","-0.10%"
"2023-7-24","14.65","14.65","14.65","14.23","3.82M","-0.37%"
"2023-7-21","14.71","14.42","14.85","14.38","5.66M","1.38%"
"2023-7-20","14.51","14.38","14.81","14.27","4.18M","0.91%"
"2023-7-19","14.38","14.38","14.61","14.32","2.17M","-0.11%"
"2023-7-18","14.39","14.37","14.50","14.19","1.65M","0.92%"
"2023-7-17","14.26","14.31","14.34","14.03","1.37M","-0.32%"
"2023-7-14","14.31","14.38","14.38","14.23","1.50M","-0.21%"
"2023-7-13","14.34","14.40","14.46","14.29","1.98M","-0.05%"
"2023-7-12","14.35","14.45","14.54","14.32","1.58M","-0.85%"
"2023-7-11","14.47","14.44","14.53","14.25","1.90M","0.70%"
"2023-7-10","14.37","14.54","14.64","14.35","1.84M","-1.37%"
"2023-7-7","14.57","14.46","14.62","14.22","3.28M","1.23%"
"2023-7-6","14.39","14.31","14.50","14.31","2.02M","0.21%"
"2023-7-5","14.36","14.38","14.41","14.27","1.69M","-0.05%"
"2023-7-4","14.37","14.57","14.57","14.27","3.93M","-0.27%"
"2023-7-3","14.41","14.02","14.47","13.98","4.79M","2.69%"
"2023-6-30","14.03","13.97","14.13","13.95","1.83M","0.39%"
"2023-6-29","13.98","13.87","14.12","13.87","2.91M","0.00%"
"2023-6-28","13.98","13.61","14.25","13.52","4.62M","2.71%"
"2023-6-27","13.61","13.49","13.62","13.45","2.19M","0.68%"
"2023-6-26","13.52","13.50","13.58","13.40","2.20M","-0.68%"
"2023-6-21","13.61","13.53","13.73","13.42","2.83M","0.06%"
"2023-6-20","13.60","13.74","13.79","13.56","1.85M","-1.23%"
"2023-6-19","13.77","13.97","13.97","13.72","2.52M","-1.49%"
"2023-6-16","13.98","14.13","14.21","13.89","3.96M","-2.31%"
"2023-6-15","14.31","14.40","14.42","14.25","2.28M","-0.17%"
"2023-6-14","14.33","14.32","14.53","14.24","3.37M","0.41%"
"2023-6-13","14.27","14.38","14.41","14.21","1.77M","-0.74%"
"2023-6-12","14.38","14.14","14.55","13.92","3.36M","1.93%"
"2023-6-9","14.11","14.05","14.16","13.96","1.69M","0.89%"
"2023-6-8","13.98","13.92","14.04","13.86","1.21M","-0.04%"
"2023-6-7","13.99","13.98","14.07","13.90","1.10M","0.34%"
"2023-6-6","13.94","14.10","14.15","13.89","1.48M","-1.05%"
"2023-6-5","14.09","14.21","14.25","14.04","1.63M","-0.58%"
"2023-6-2","14.17","14.10","14.24","14.08","1.78M","0.46%"
"2023-6-1","14.11","14.13","14.27","14.01","2.86M","-0.17%"
"2023-5-31","14.13","13.57","14.37","13.43","5.22M","4.23%"
"2023-5-30","13.56","13.34","13.63","13.34","2.45M","0.88%"
"2023-5-29","13.44","13.53","13.62","13.31","3.22M","-0.79%"
"2023-5-26","13.54","14.05","14.26","13.25","7.10M","-3.05%"
"2023-5-25","13.97","14.01","14.01","13.78","3.30M","-1.09%"
"2023-5-24","14.12","14.12","14.12","13.89","2.85M","-0.42%"
"2023-5-23","14.18","14.20","14.38","14.05","3.53M","-0.29%"
"2023-5-22","14.22","13.95","14.26","13.86","4.51M","1.95%"
"2023-5-19","13.95","13.76","14.07","13.61","3.20M","1.11%"
"2023-5-18","13.80","13.85","13.89","13.70","1.86M","-0.26%"
"2023-5-17","13.83","13.77","13.85","13.69","1.99M","0.34%"
"2023-5-16","13.79","13.82","13.90","13.61","3.08M","0.04%"
"2023-5-15","13.78","13.60","13.78","13.36","2.57M","1.39%"
"2023-5-12","13.59","13.66","13.74","13.52","1.33M","-0.48%"
"2023-5-11","13.66","13.53","13.70","13.50","1.79M","1.14%"
"2023-5-10","13.50","13.46","13.55","13.40","1.53M","0.09%"
"2023-5-9","13.49","13.73","13.75","13.47","2.64M","-1.98%"
"2023-5-8","13.76","13.86","13.88","13.64","2.58M","-0.47%"
"2023-5-5","13.83","13.95","13.95","13.64","2.64M","-0.43%"
"2023-5-4","13.89","13.62","13.91","13.62","4.65M","1.08%"
"2023-4-28","13.74","13.51","13.79","13.45","5.17M","1.71%"
"2023-4-27","13.51","13.38","13.73","13.33","7.85M","3.87%"
"2023-4-26","13.01","12.56","13.10","12.56","2.51M","1.57%"
"2023-4-25","12.80","13.02","13.22","12.53","3.73M","-1.64%"
"2023-4-24","13.02","13.28","13.28","12.92","3.44M","-2.05%"
"2023-4-21","13.29","13.50","13.73","13.28","5.05M","-1.58%"
"2023-4-20","13.50","13.44","13.77","13.32","5.15M","0.40%"
"2023-4-19","13.45","13.67","13.67","13.30","6.20M","-2.03%"
"2023-4-18","13.73","13.22","13.98","13.15","9.80M","3.80%"
"2023-4-17","13.22","12.96","13.43","12.94","4.52M","2.19%"
"2023-4-14","12.94","12.99","13.17","12.86","2.75M","-0.23%"
"2023-4-13","12.97","12.80","13.08","12.69","2.64M","1.15%"
"2023-4-12","12.82","12.90","12.96","12.78","2.12M","-0.55%"
"2023-4-11","12.89","12.96","13.05","12.79","2.51M","-0.50%"
"2023-4-10","12.96","13.20","13.26","12.96","3.03M","-2.06%"
"2023-4-7","13.23","13.22","13.37","13.20","1.89M","-0.40%"
"2023-4-6","13.28","13.14","13.38","13.10","2.52M","1.08%"
"2023-4-4","13.14","13.31","13.37","13.09","3.51M","-1.29%"
"2023-4-3","13.31","13.43","13.43","13.24","3.06M","-0.79%"
"2023-3-31","13.42","13.46","13.61","13.17","2.99M","-0.18%"
"2023-3-30","13.44","13.38","13.46","13.20","3.24M","1.66%"
"2023-3-29","13.22","13.37","13.41","13.22","2.20M","-1.24%"
"2023-3-28","13.39","13.20","13.48","13.17","3.60M","1.12%"
"2023-3-27","13.24","13.21","13.28","13.09","2.35M","0.40%"
"2023-3-24","13.19","13.11","13.27","13.08","2.70M","0.77%"
"2023-3-23","13.09","13.18","13.24","13.04","2.64M","-0.63%"
"2023-3-22","13.17","13.08","13.27","13.02","2.46M","0.72%"
"2023-3-21","13.08","12.85","13.08","12.82","2.40M","1.75%"
"2023-3-20","12.85","13.07","13.07","12.72","2.82M","-0.96%"
"2023-3-17","12.98","13.19","13.24","12.90","3.76M","-1.04%"
"2023-3-16","13.11","13.18","13.30","13.01","2.32M","-0.54%"
"2023-3-15","13.18","13.17","13.31","13.17","2.30M","0.36%"
"2023-3-14","13.14","13.53","13.60","13.08","4.53M","-3.06%"
"2023-3-13","13.55","13.58","13.69","13.42","2.95M","0.39%"
"2023-3-10","13.50","13.75","13.84","13.47","4.06M","-2.19%"
"2023-3-9","13.80","14.46","14.47","13.77","6.77M","-3.60%"
"2023-3-8","14.31","14.28","14.49","14.08","3.75M","-0.37%"
"2023-3-7","14.37","14.67","14.78","14.36","6.57M","-1.74%"
"2023-3-6","14.62","14.40","14.73","14.34","5.23M","1.56%"
"2023-3-3","14.40","14.35","14.54","14.21","4.20M","0.37%"
"2023-3-2","14.34","14.47","14.51","14.31","3.38M","-1.10%"
"2023-3-1","14.50","14.44","14.51","14.35","3.49M","0.33%"
"2023-2-28","14.46","14.50","14.53","14.31","3.20M","0.08%"
"2023-2-27","14.44","14.56","14.63","14.36","3.33M","-1.33%"
"2023-2-24","14.64","14.78","14.89","14.56","5.74M","-0.84%"
"2023-2-23","14.76","14.60","14.85","14.53","8.21M","1.22%"
"2023-2-22","14.59","14.25","14.63","14.15","6.80M","2.11%"
"2023-2-21","14.28","14.47","14.51","14.18","4.23M","-0.70%"
"2023-2-20","14.38","14.31","14.43","14.08","4.52M","0.54%"
"2023-2-17","14.31","14.11","14.63","14.05","5.41M","0.75%"
"2023-2-16","14.20","14.73","14.85","14.05","7.86M","-3.23%"
"2023-2-15","14.67","14.77","14.85","14.62","4.77M","-0.64%"
"2023-2-14","14.77","14.91","14.93","14.69","6.54M","-0.56%"
"2023-2-13","14.85","14.34","14.85","14.32","9.87M","3.16%"
"2023-2-10","14.40","14.39","14.48","14.26","4.49M","0.41%"
"2023-2-9","14.34","14.21","14.54","14.17","4.74M","0.54%"
"2023-2-8","14.26","14.54","14.70","14.26","5.46M","-2.07%"
"2023-2-7","14.56","14.85","15.01","14.47","7.11M","-2.30%"
"2023-2-6","14.91","14.80","15.05","14.69","5.02M","0.12%"
"2023-2-3","14.89","15.03","15.05","14.73","8.08M","-0.91%"
"2023-2-2","15.02","14.41","15.02","14.35","12.21M","4.01%"
"2023-2-1","14.44","14.49","14.49","14.32","3.84M","0.12%"
"2023-1-31","14.43","14.44","14.56","14.27","4.40M","-0.08%"
"2023-1-30","14.44","14.11","14.48","14.08","7.65M","3.00%"
"2023-1-20","14.02","13.94","14.12","13.94","2.76M","0.55%"
"2023-1-19","13.94","14.25","14.25","13.94","4.25M","-1.96%"
"2023-1-18","14.22","14.30","14.34","14.13","3.28M","-0.46%"
"2023-1-17","14.28","14.36","14.56","13.99","7.41M","-0.08%"
"2023-1-16","14.30","14.29","14.46","14.27","4.31M","0.08%"
"2023-1-13","14.28","14.19","14.30","14.09","4.93M","0.79%"
"2023-1-12","14.17","14.21","14.46","14.06","6.52M","-1.07%"
"2023-1-11","14.33","14.78","14.79","14.29","7.63M","-2.58%"
"2023-1-10","14.70","14.90","15.18","14.63","8.97M","-1.93%"
"2023-1-9","14.99","14.92","15.15","14.84","8.06M","-0.08%"
"2023-1-6","15.01","15.38","15.38","14.75","14.38M","-3.13%"
"2023-1-5","15.49","14.93","15.63","14.54","19.76M","2.83%"
"2023-1-4","15.07","14.86","15.18","14.62","11.83M","1.11%"
"2023-1-3","14.90","15.09","15.21","14.66","12.39M","-2.33%"
"2022-12-30","15.25","14.32","15.49","14.28","19.54M","5.53%"
"2022-12-29","14.46","14.54","14.99","14.25","12.82M","-1.73%"
"2022-12-28","14.71","15.07","15.43","14.64","14.40M","-4.68%"
"2022-12-27","15.43","15.72","15.86","14.50","18.63M","-2.21%"
"2022-12-26","15.78","15.41","15.86","15.16","12.93M","2.14%"
"2022-12-23","15.45","15.44","15.98","15.44","12.57M","-3.33%"
"2022-12-22","15.98","15.54","16.09","15.40","20.10M","1.69%"
"2022-12-21","15.72","15.41","16.28","15.39","18.05M","0.99%"
"2022-12-20","15.56","16.07","16.26","15.38","19.55M","-5.60%"
"2022-12-19","16.49","15.69","16.72","15.41","30.23M","2.54%"
"2022-12-16","16.08","15.03","16.34","14.95","29.61M","5.68%"
"2022-12-15","15.21","15.80","16.01","14.97","25.71M","-4.95%"
"2022-12-14","16.01","16.09","16.66","15.74","30.77M","-2.80%"
"2022-12-13","16.47","16.85","18.30","15.91","44.47M","-3.23%"
"2022-12-12","17.02","18.34","19.46","16.93","47.27M","-5.92%"
"2022-12-9","18.09","15.27","18.09","14.80","40.74M","10.00%"
"2022-12-8","16.44","15.38","16.44","15.22","41.30M","10.02%"
"2022-12-7","14.95","13.41","14.95","13.17","33.16M","10.02%"
"2022-12-6","13.59","13.43","13.92","13.31","18.14M","-1.16%"
"2022-12-5","13.75","14.05","14.20","13.61","30.71M","-6.10%"
"2022-12-2","14.64","13.32","14.64","13.31","39.49M","10.00%"
"2022-12-1","13.31","12.66","13.59","12.51","23.65M","7.76%"
"2022-11-30","12.35","12.53","12.72","12.34","8.40M","-1.46%"
"2022-11-29","12.53","12.51","12.63","12.43","4.31M","0.24%"
"2022-11-28","12.50","12.07","12.61","11.95","8.92M","2.82%"
"2022-11-25","12.16","12.29","12.41","12.12","2.96M","-1.06%"
"2022-11-24","12.29","11.96","12.54","11.96","8.29M","2.82%"
"2022-11-23","11.95","12.02","12.10","11.78","4.33M","-1.08%"
"2022-11-22","12.08","12.47","12.69","12.01","8.69M","-3.08%"
"2022-11-21","12.47","12.61","12.64","12.20","6.32M","-0.99%"
"2022-11-18","12.59","12.59","12.76","12.53","6.02M","-0.09%"
"2022-11-17","12.60","12.49","12.69","12.44","9.39M","0.71%"
"2022-11-16","12.51","12.54","12.72","12.25","7.69M","0.14%"
"2022-11-15","12.50","12.83","12.83","12.44","6.88M","0.19%"
"2022-11-14","12.47","12.31","12.59","12.27","6.72M","1.30%"
"2022-11-11","12.31","12.53","12.60","12.31","4.46M","-0.43%"
"2022-11-10","12.37","12.20","12.50","12.14","3.94M","0.92%"
"2022-11-9","12.25","12.32","12.41","12.25","2.05M","-0.48%"
"2022-11-8","12.31","12.43","12.66","12.27","3.64M","-1.09%"
"2022-11-7","12.45","12.49","12.67","12.36","5.21M","-0.28%"
"2022-11-4","12.49","12.50","12.77","12.40","6.85M","-0.09%"
"2022-11-3","12.50","12.37","12.53","12.32","3.96M","-0.38%"
"2022-11-2","12.54","12.19","12.72","12.08","11.06M","2.42%"
"2022-11-1","12.25","12.30","12.40","12.04","8.94M","1.07%"
"2022-10-31","12.12","11.82","12.26","11.71","5.82M","1.84%"
"2022-10-28","11.90","12.12","12.37","11.84","6.69M","-1.90%"
"2022-10-27","12.13","12.15","12.28","11.95","4.89M","0.00%"
"2022-10-26","12.13","11.77","12.28","11.56","9.13M","5.13%"
"2022-10-25","11.54","11.51","11.88","11.15","6.13M","0.83%"
"2022-10-24","11.44","11.75","12.01","11.44","6.22M","-3.44%"
"2022-10-21","11.85","11.17","11.95","11.17","8.48M","3.03%"
"2022-10-20","11.50","11.63","11.79","11.50","2.33M","-1.37%"
"2022-10-19","11.66","11.80","11.98","11.65","3.16M","-1.74%"
"2022-10-18","11.87","11.95","12.01","11.81","2.80M","-0.89%"
"2022-10-17","11.98","11.69","12.13","11.66","5.46M","1.86%"
"2022-10-14","11.76","11.54","11.95","11.51","4.86M","1.85%"
"2022-10-13","11.54","11.36","11.72","11.33","4.68M","0.83%"
"2022-10-12","11.45","11.17","11.48","11.05","4.05M","1.74%"
"2022-10-11","11.25","11.01","11.42","10.88","3.71M","1.22%"
"2022-10-10","11.12","10.89","11.15","10.79","2.66M","2.12%"
"2022-9-30","10.89","11.05","11.10","10.88","1.92M","-1.34%"
"2022-9-29","11.04","11.33","11.42","10.93","2.96M","-1.74%"
"2022-9-28","11.23","11.34","11.59","11.20","3.21M","-1.66%"
"2022-9-27","11.42","10.92","11.44","10.92","4.22M","4.72%"
"2022-9-26","10.91","11.12","11.19","10.89","2.54M","-2.80%"
"2022-9-23","11.22","11.56","11.63","11.18","3.11M","-3.12%"
"2022-9-22","11.58","11.50","11.76","11.50","2.62M","-0.41%"
"2022-9-21","11.63","11.42","11.72","11.36","2.91M","0.87%"
"2022-9-20","11.53","11.38","11.59","11.38","3.12M","1.41%"
"2022-9-19","11.37","11.36","11.46","11.14","3.23M","0.16%"
"2022-9-16","11.35","11.78","11.87","11.33","3.55M","-3.57%"
"2022-9-15","11.77","12.01","12.12","11.73","3.95M","-1.87%"
"2022-9-14","11.99","11.91","12.07","11.89","3.44M","-0.78%"
"2022-9-13","12.09","11.96","12.17","11.95","3.62M","0.89%"
"2022-9-9","11.98","11.93","12.09","11.89","3.71M","0.45%"
"2022-9-8","11.93","12.27","12.34","11.90","7.05M","-3.03%"
"2022-9-7","12.30","12.44","12.58","12.27","7.09M","-1.84%"
"2022-9-6","12.53","12.47","12.57","12.28","7.40M","-0.28%"
"2022-9-5","12.57","12.92","13.05","12.44","10.84M","-5.22%"
"2022-9-2","13.26","13.50","13.63","12.84","17.64M","-5.52%"
"2022-9-1","14.04","13.46","14.89","13.34","24.79M","3.67%"
"2022-8-31","13.54","13.20","14.08","13.01","10.47M","2.01%"
"2022-8-30","13.27","13.31","13.38","13.04","4.72M","-1.28%"
"2022-8-29","13.44","12.90","13.48","12.83","6.02M","3.13%"
"2022-8-26","13.04","12.81","13.27","12.81","4.01M","0.55%"
"2022-8-25","12.96","13.19","13.19","12.82","4.33M","0.09%"
"2022-8-24","12.95","13.07","13.12","12.70","4.21M","-0.86%"
"2022-8-23","13.07","13.18","13.18","12.93","3.23M","-0.23%"
"2022-8-22","13.09","13.49","13.69","12.95","8.45M","-4.03%"
"2022-8-19","13.64","13.76","14.50","13.47","14.52M","0.26%"
"2022-8-18","13.61","13.65","13.72","13.33","5.99M","-0.09%"
"2022-8-17","13.62","13.57","13.91","13.30","8.78M","-0.69%"
"2022-8-16","13.72","13.37","14.67","13.28","16.80M","2.52%"
"2022-8-15","13.38","13.38","13.53","13.17","3.62M","-0.04%"
"2022-8-12","13.38","13.10","13.72","13.10","7.97M","1.34%"
"2022-8-11","13.21","13.16","13.30","12.87","9.98M","0.54%"
"2022-8-10","13.14","12.31","13.60","12.24","11.84M","6.12%"
"2022-8-9","12.38","12.57","12.57","12.31","2.00M","-1.04%"
"2022-8-8","12.51","12.65","12.66","12.37","2.74M","-0.24%"
"2022-8-5","12.54","12.20","13.14","12.18","9.03M","2.96%"
"2022-8-4","12.18","11.75","12.36","11.75","4.43M","3.52%"
"2022-8-3","11.76","11.54","11.95","11.54","3.17M","1.84%"
"2022-8-2","11.55","12.17","12.17","11.51","3.82M","-5.20%"
"2022-8-1","12.18","12.00","12.30","11.86","3.34M","2.03%"
"2022-7-29","11.94","12.15","12.19","11.91","2.19M","-1.80%"
"2022-7-28","12.16","12.08","12.34","12.04","2.79M","1.03%"
"2022-7-27","12.04","12.12","12.19","11.99","2.38M","-1.55%"
"2022-7-26","12.22","12.01","12.31","11.67","4.17M","1.77%"
"2022-7-25","12.01","11.98","12.12","11.95","1.77M","-0.29%"
"2022-7-22","12.05","12.16","12.24","11.95","2.19M","-1.07%"
"2022-7-21","12.18","12.38","12.38","12.12","2.77M","-1.63%"
"2022-7-20","12.38","12.24","12.42","12.24","2.90M","0.58%"
"2022-7-19","12.31","12.21","12.34","12.17","3.09M","1.07%"
"2022-7-18","12.18","11.98","12.19","11.97","2.47M","1.63%"
"2022-7-15","11.98","12.22","12.31","11.97","2.70M","-1.79%"
"2022-7-14","12.20","12.15","12.26","11.99","2.46M","0.39%"
"2022-7-13","12.15","12.07","12.20","11.97","2.44M","0.44%"
"2022-7-12","12.10","12.49","12.51","12.02","5.30M","-3.40%"
"2022-7-11","12.53","12.74","12.74","12.43","3.53M","-1.76%"
"2022-7-8","12.75","12.73","12.88","12.67","2.85M","0.14%"
"2022-7-7","12.73","12.91","12.98","12.55","4.14M","-1.37%"
"2022-7-6","12.91","13.07","13.08","12.81","4.63M","-1.71%"
"2022-7-5","13.14","13.32","13.37","12.96","5.78M","-2.12%"
"2022-7-4","13.42","13.30","13.46","13.18","5.89M","1.20%"
"2022-7-1","13.26","13.69","13.69","13.23","7.86M","-1.93%"
"2022-6-30","13.52","12.90","13.79","12.89","12.94M","4.77%"
"2022-6-29","12.91","13.24","13.54","12.89","8.27M","-2.63%"
"2022-6-28","13.25","13.46","13.46","13.15","7.44M","-1.54%"
"2022-6-27","13.46","13.25","13.73","13.16","11.24M","1.52%"
"2022-6-24","13.26","12.91","13.54","12.76","10.17M","2.85%"
"2022-6-23","12.89","12.79","13.01","12.44","6.01M","-0.08%"
"2022-6-22","12.90","13.15","13.15","12.89","4.31M","-1.87%"
"2022-6-21","13.15","13.37","13.37","13.01","6.09M","-1.70%"
"2022-6-20","13.38","13.30","13.38","13.16","7.18M","0.65%"
"2022-6-17","13.29","13.20","13.37","13.05","7.94M","0.27%"
"2022-6-16","13.25","13.11","13.39","13.07","8.26M","1.01%"
"2022-6-15","13.12","13.38","13.53","13.12","11.28M","-1.54%"
"2022-6-14","13.33","12.63","13.36","12.59","13.10M","-19.65%"
"2022-6-13","16.59","16.37","16.72","16.31","3.78M","0.14%"
"2022-6-10","16.56","16.22","16.61","16.17","3.92M","1.16%"
"2022-6-9","16.37","16.94","17.03","16.37","6.53M","-4.22%"
"2022-6-8","17.09","17.29","17.31","16.90","8.76M","-1.16%"
"2022-6-7","17.30","16.91","17.35","16.62","11.01M","2.24%"
"2022-6-6","16.92","16.63","16.93","16.55","5.98M","1.02%"
"2022-6-2","16.75","16.92","16.96","16.41","6.38M","-1.12%"
"2022-6-1","16.93","16.86","17.28","16.69","10.13M","-0.56%"
"2022-5-31","17.03","16.33","17.44","16.22","13.61M","3.53%"
"2022-5-30","16.45","16.31","16.53","16.22","8.48M","0.83%"
"2022-5-27","16.31","16.45","16.70","16.14","11.64M","-1.96%"
"2022-5-26","16.64","17.66","17.75","16.32","17.98M","-7.19%"
"2022-5-25","17.93","18.93","20.36","17.64","25.57M","-3.13%"
"2022-5-24","18.51","17.14","18.51","16.39","20.83M","9.99%"
"2022-5-23","16.83","15.85","17.36","15.80","12.87M","6.16%"
"2022-5-20","15.85","15.69","16.02","15.58","5.35M","1.79%"
"2022-5-19","15.57","15.43","15.87","15.14","5.94M","-0.98%"
"2022-5-18","15.73","15.68","16.02","15.61","5.24M","0.11%"
"2022-5-17","15.71","16.40","16.41","15.56","7.54M","-2.71%"
"2022-5-16","16.15","15.86","16.36","15.85","8.25M","1.68%"
"2022-5-13","15.88","16.50","16.56","15.77","8.49M","-2.54%"
"2022-5-12","16.30","15.48","16.30","15.15","10.22M","3.96%"
"2022-5-11","15.67","15.86","16.20","15.62","9.39M","-2.21%"
"2022-5-10","16.03","15.62","16.09","15.57","7.78M","0.86%"
"2022-5-9","15.89","16.03","16.54","15.57","9.82M","-0.52%"
"2022-5-6","15.98","15.01","16.27","14.59","12.37M","4.13%"
"2022-5-5","15.34","15.01","15.47","14.91","9.85M","2.25%"
"2022-4-29","15.01","14.47","15.38","14.46","9.36M","3.38%"
"2022-4-28","14.51","15.31","15.47","14.22","11.67M","-7.26%"
"2022-4-27","15.65","15.34","15.80","15.22","15.86M","-7.45%"
"2022-4-26","16.91","16.91","18.64","16.91","16.55M","-9.98%"
"2022-4-25","18.79","18.94","19.53","18.79","4.38M","-10.01%"
"2022-4-22","20.88","19.54","20.88","19.53","15.81M","10.01%"
"2022-4-21","18.98","16.92","18.98","16.52","16.40M","10.02%"
"2022-4-20","17.25","16.21","17.73","15.92","15.61M","5.85%"
"2022-4-19","16.30","15.76","16.51","15.57","8.49M","1.62%"
"2022-4-18","16.04","16.66","17.69","15.93","12.32M","-3.25%"
"2022-4-15","16.57","15.79","16.76","15.62","9.79M","3.02%"
"2022-4-14","16.09","15.73","16.27","15.52","7.74M","0.67%"
"2022-4-13","15.98","16.69","17.08","15.88","10.12M","-6.64%"
"2022-4-12","17.12","16.63","17.51","15.98","11.62M","-1.26%"
"2022-4-11","17.34","15.98","17.69","15.91","15.78M","7.84%"
"2022-4-8","16.08","15.87","16.09","15.46","8.28M","0.11%"
"2022-4-7","16.06","15.94","16.51","15.54","12.01M","0.89%"
"2022-4-6","15.92","14.56","15.92","14.47","5.01M","10.02%"
"2022-4-1","14.47","14.94","14.94","14.38","3.53M","-3.85%"
"2022-3-31","15.05","15.21","15.21","14.98","2.02M","-0.27%"
"2022-3-30","15.09","15.00","15.22","14.88","3.46M","-0.89%"
"2022-3-29","15.22","15.38","15.72","14.99","6.76M","-1.57%"
"2022-3-28","15.47","14.91","15.80","14.64","4.48M","3.32%"
"2022-3-25","14.97","15.00","15.25","14.89","2.18M","-0.12%"
"2022-3-24","14.99","15.19","15.23","14.94","2.04M","-2.05%"
"2022-3-23","15.30","15.33","15.36","15.09","2.26M","0.78%"
"2022-3-22","15.18","15.53","15.61","15.09","2.91M","-2.66%"
"2022-3-21","15.60","14.96","15.77","14.72","4.90M","5.23%"
"2022-3-18","14.82","14.52","14.93","14.52","2.23M","0.16%"
"2022-3-17","14.80","14.33","14.93","14.20","3.98M","-19.94%"
"2022-3-16","18.48","18.33","18.58","17.60","2.56M","1.39%"
"2022-3-15","18.23","19.11","19.23","18.22","1.93M","-4.20%"
"2022-3-14","19.03","19.73","19.90","19.00","2.31M","-4.74%"
"2022-3-11","19.98","18.91","19.98","18.91","3.64M","3.92%"
"2022-3-10","19.22","18.91","19.72","18.67","3.28M","2.97%"
"2022-3-9","18.67","19.15","19.28","17.85","2.90M","-2.49%"
"2022-3-8","19.15","20.24","20.32","19.12","3.43M","-5.40%"
"2022-3-7","20.24","19.98","20.53","19.63","2.96M","1.78%"
"2022-3-4","19.88","20.06","20.21","19.85","1.72M","-1.11%"
"2022-3-3","20.11","20.58","20.68","20.02","2.48M","-1.54%"
"2022-3-2","20.42","20.11","20.51","19.93","2.67M","1.45%"
"2022-3-1","20.13","19.95","20.19","19.87","1.77M","0.93%"
"2022-2-28","19.95","19.95","20.07","19.35","1.94M","-0.38%"
"2022-2-25","20.02","19.53","20.30","19.52","3.06M","2.72%"
"2022-2-24","19.49","19.99","20.58","19.26","5.78M","-2.61%"
"2022-2-23","20.02","19.83","20.11","19.73","2.43M","1.09%"
"2022-2-22","19.80","20.08","20.20","19.45","2.87M","-2.35%"
"2022-2-21","20.28","20.28","20.35","20.10","1.87M","0.57%"
"2022-2-18","20.16","20.02","20.22","19.88","1.60M","-0.38%"
"2022-2-17","20.24","20.38","20.62","20.10","2.22M","-0.53%"
"2022-2-16","20.35","20.24","20.45","20.16","1.91M","1.11%"
"2022-2-15","20.12","20.09","20.28","19.82","2.15M","0.11%"
"2022-2-14","20.10","19.85","20.20","19.74","1.58M","0.65%"
"2022-2-11","19.97","20.96","20.96","19.90","3.96M","-4.73%"
"2022-2-10","20.96","21.31","21.31","20.87","2.49M","-1.66%"
"2022-2-9","21.32","21.02","21.38","20.94","2.28M","1.21%"
"2022-2-8","21.06","20.77","21.19","20.77","1.98M","0.96%"
"2022-2-7","20.86","20.82","21.07","20.58","1.92M","1.19%"
"2022-1-28","20.62","20.82","21.10","20.52","1.88M","0.19%"
"2022-1-27","20.58","21.35","21.62","20.58","2.32M","-4.80%"
"2022-1-26","21.62","21.85","22.22","21.37","2.07M","-1.02%"
"2022-1-25","21.84","23.02","23.02","21.75","3.03M","-5.02%"
"2022-1-24","22.99","23.18","23.35","22.85","2.19M","-1.03%"
"2022-1-21","23.23","24.00","24.13","23.05","3.70M","-3.36%"
"2022-1-20","24.04","25.06","25.66","23.85","5.20M","-4.81%"
"2022-1-19","25.25","24.77","25.59","24.65","4.49M","1.77%"
"2022-1-18","24.82","26.25","26.64","24.65","8.46M","-7.03%"
"2022-1-17","26.69","26.14","27.36","26.01","7.72M","0.14%"
"2022-1-14","26.65","27.18","28.19","26.62","9.80M","-4.28%"
"2022-1-13","27.85","26.55","28.39","26.01","12.64M","2.84%"
"2022-1-12","27.08","25.88","28.27","25.88","13.91M","-5.76%"
"2022-1-11","28.73","31.54","31.54","28.73","9.29M","-10.00%"
"2022-1-10","31.92","29.77","31.92","27.04","17.65M","9.99%"
"2022-1-7","29.02","26.37","29.02","25.60","13.00M","10.00%"
"2022-1-6","26.38","23.69","26.38","23.62","9.15M","10.01%"
"2022-1-5","23.98","24.52","25.08","23.71","6.77M","-2.65%"
"2022-1-4","24.64","23.31","25.84","23.20","8.95M","4.67%"
"2021-12-31","23.54","22.83","24.00","22.62","4.82M","3.10%"
"2021-12-30","22.83","22.62","23.22","22.32","2.37M","0.44%"
"2021-12-29","22.73","22.77","23.20","22.58","2.08M","-0.67%"
"2021-12-28","22.88","22.75","23.29","22.68","2.92M","-1.62%"
"2021-12-27","23.26","22.55","23.35","21.23","5.79M","1.72%"
"2021-12-24","22.87","22.85","23.78","22.54","4.49M","-0.77%"
"2021-12-23","23.05","23.59","24.05","22.88","3.50M","-2.16%"
"2021-12-22","23.55","24.12","24.35","23.48","3.16M","-0.58%"
"2021-12-21","23.69","22.69","23.81","22.68","4.54M","3.36%"
"2021-12-20","22.92","22.84","23.61","22.84","2.94M","0.27%"
"2021-12-17","22.86","23.83","23.83","22.86","3.39M","-3.13%"
"2021-12-16","23.60","23.62","23.89","23.43","3.18M","-0.74%"
"2021-12-15","23.78","24.08","24.22","23.55","5.11M","-1.47%"
"2021-12-14","24.13","23.45","24.27","23.20","6.20M","2.99%"
"2021-12-13","23.43","23.58","23.90","23.18","4.44M","-0.39%"
"2021-12-10","23.52","22.86","24.09","22.86","5.49M","2.10%"
"2021-12-9","23.04","22.69","23.42","22.60","4.26M","0.37%"
"2021-12-8","22.95","22.72","23.45","22.18","4.45M","-0.13%"
"2021-12-7","22.98","22.31","23.33","22.19","5.42M","2.96%"
"2021-12-6","22.32","22.53","22.61","21.98","3.56M","-1.76%"
"2021-12-3","22.72","23.27","23.43","22.54","4.53M","-3.02%"
"2021-12-2","23.43","23.96","24.36","23.42","4.74M","-2.53%"
"2021-12-1","24.04","24.52","24.62","23.95","4.76M","0.61%"
"2021-11-30","23.89","23.85","24.15","23.42","4.22M","0.00%"
"2021-11-29","23.89","23.76","24.38","23.62","3.80M","-1.71%"
"2021-11-26","24.31","24.32","24.73","24.23","3.56M","-0.35%"
"2021-11-25","24.39","24.33","24.68","24.09","4.36M","-1.15%"
"2021-11-24","24.68","24.31","24.87","23.90","5.79M","1.01%"
"2021-11-23","24.43","25.07","25.07","24.43","5.53M","-2.67%"
"2021-11-22","25.10","24.75","25.20","24.53","5.12M","0.37%"
"2021-11-19","25.01","25.50","25.65","24.48","6.64M","-1.54%"
"2021-11-18","25.40","25.48","26.25","25.15","7.18M","-1.32%"
"2021-11-17","25.74","26.00","26.07","25.31","8.82M","-3.07%"
"2021-11-16","26.55","24.75","27.69","23.92","14.24M","5.47%"
"2021-11-15","25.18","24.60","26.15","24.33","11.13M","3.64%"
"2021-11-12","24.29","24.01","24.96","23.93","6.83M","0.73%"
"2021-11-11","24.12","23.85","24.38","23.62","6.12M","-0.79%"
"2021-11-10","24.31","23.70","24.42","23.46","7.21M","0.57%"
"2021-11-9","24.17","24.44","25.01","24.14","8.57M","0.45%"
"2021-11-8","24.06","24.72","25.15","23.85","12.05M","-8.51%"
"2021-11-5","26.30","26.81","28.08","26.15","18.37M","3.01%"
"2021-11-4","25.53","23.50","25.53","23.35","10.99M","10.01%"
"2021-11-3","23.21","23.08","24.09","22.69","11.12M","-3.05%"
"2021-11-2","23.94","23.69","26.38","23.08","15.53M","-3.74%"
"2021-11-1","24.87","24.87","26.62","24.87","11.81M","-9.99%"
"2021-10-29","27.63","22.61","27.63","22.61","18.86M","10.02%"
"2021-10-28","25.12","25.12","25.12","25.12","3.57M","-10.01%"
"2021-10-27","27.91","27.91","27.91","27.91","335.23K","10.01%"
"2021-10-26","25.37","25.37","25.37","25.37","182.84K","10.01%"
"2021-10-25","23.06","23.06","23.06","23.06","204.04K","10.02%"
"2021-10-22","20.96","20.96","20.96","20.96","282.51K","10.01%"